District,Incumbent,Party,Biden,Trump,Total,Biden%,Trump%
AK-AL,Mary Peltola,(R),"153,778","189,951","357,569",43.00%,53.10%
AL-01,Jerry Carl,(R),"117,136","211,370","331,886",35.30%,63.70%
AL-02,Barry Moore,(R),"107,776","195,953","306,714",35.10%,63.90%
AL-03,Mike Rogers,(R),"109,495","212,012","324,741",33.70%,65.30%
AL-04,Robert Aderholt,(R),"57,133","260,535","320,725",17.80%,81.20%
AL-05,Mo Brooks,(R),"129,812","228,398","364,107",35.70%,62.70%
AL-06,Gary Palmer,(R),"117,582","248,134","370,171",31.80%,67.00%
AL-07,Terri Sewell,(D),"210,689","84,768","297,626",70.80%,28.50%
AR-01,Rick Crawford,(R),"75,898","187,640","271,712",27.90%,69.10%
AR-02,French Hill,(R),"147,552","177,053","333,347",44.30%,53.10%
AR-03,Steve Womack,(R),"118,142","207,781","335,854",35.20%,61.90%
AR-04,Bruce Westerman,(R),"82,340","188,173","278,156",29.60%,67.70%
AZ-01,Tom O'Halleran,(D),"187,182","180,673","373,579",50.10%,48.40%
AZ-02,Ann Kirkpatrick,(D),"213,408","171,803","391,436",54.50%,43.90%
AZ-03,Raúl Grijalva,(D),"174,882","99,539","278,497",62.80%,35.70%
AZ-04,Paul Gosar,(R),"126,024","280,122","411,938",30.60%,68.00%
AZ-05,Andy Biggs,(R),"195,270","262,810","465,598",41.90%,56.40%
AZ-06,David Schweikert,(R),"204,365","222,166","432,328",47.30%,51.40%
AZ-07,Ruben Gallego,(D),"165,129","55,436","224,168",73.70%,24.70%
AZ-08,Debbie Lesko,(R),"181,691","251,443","438,952",41.40%,57.30%
AZ-09,Greg Stanton,(D),"224,192","137,694","368,798",60.80%,37.30%
CA-01,Doug LaMalfa,(R),"148,436","203,557","360,907",41.10%,56.40%
CA-02,Jared Huffman,(D),"294,489","95,658","399,857",73.60%,23.90%
CA-03,John Garamendi,(D),"179,806","139,735","327,612",54.90%,42.70%
CA-04,Tom McClintock,(R),"197,157","240,869","448,596",43.90%,53.70%
CA-05,Mike Thompson,(D),"264,125","92,100","364,567",72.40%,25.30%
CA-06,Doris Matsui,(D),"225,218","87,284","320,576",70.30%,27.20%
CA-07,Ami Bera,(D),"218,137","164,052","391,993",55.60%,41.90%
CA-08,Jay Obernolte,(R),"127,769","158,451","293,165",43.60%,54.00%
CA-09,Jerry McNerney,(D),"180,100","124,102","310,973",57.90%,39.90%
CA-10,Josh Harder,(D),"154,990","146,084","307,948",50.30%,47.40%
CA-11,Mark DeSaulnier,(D),"285,019","90,516","383,481",74.30%,23.60%
CA-12,Nancy Pelosi,(D),"337,517","46,574","392,046",86.10%,11.90%
CA-13,Barbara Lee,(D),"335,474","33,907","377,198",88.90%,9.00%
CA-14,Jackie Speier,(D),"279,708","73,798","360,155",77.70%,20.50%
CA-15,Eric Swalwell,(D),"255,430","94,394","357,230",71.50%,26.40%
CA-16,Jim Costa,(D),"129,458","85,647","220,032",58.80%,38.90%
CA-17,Ro Khanna,(D),"224,903","79,260","310,238",72.50%,25.50%
CA-18,Anna Eshoo,(D),"294,545","82,172","385,683",76.40%,21.30%
CA-19,Zoe Lofgren,(D),"228,232","91,063","325,914",70.00%,27.90%
CA-20,Jimmy Panetta,(D),"226,505","77,969","311,479",72.70%,25.00%
CA-21,David Valadao,(R),"93,560","74,859","172,064",54.40%,43.50%
CA-22,Connie Conway,(R),"146,467","163,584","316,729",46.20%,51.60%
CA-23,Kevin McCarthy,(R),"125,068","176,413","308,922",40.50%,57.10%
CA-24,Salud Carbajal,(D),"221,831","134,810","365,325",60.70%,36.90%
CA-25,Mike Garcia,(R),"188,421","153,161","349,249",54.00%,43.90%
CA-26,Julia Brownley,(D),"216,840","128,914","353,297",61.40%,36.50%
CA-27,Judy Chu,(D),"226,666","104,088","337,460",67.20%,30.80%
CA-28,Adam Schiff,(D),"252,705","97,112","356,476",70.90%,27.20%
CA-29,Tony Cárdenas,(D),"186,796","59,671","252,103",74.10%,23.70%
CA-30,Brad Sherman,(D),"258,910","110,935","376,861",68.70%,29.40%
CA-31,Pete Aguilar,(D),"174,178","115,221","296,238",58.80%,38.90%
CA-32,Grace Napolitano,(D),"184,978","93,155","283,909",65.20%,32.80%
CA-33,Ted Lieu,(D),"285,906","120,287","414,262",69.00%,29.00%
CA-34,Jimmy Gomez,(D),"193,874","40,552","239,944",80.80%,16.90%
CA-35,Norma Torres,(D),"166,339","83,352","255,345",65.10%,32.60%
CA-36,Raul Ruiz,(D),"173,573","131,304","310,310",55.90%,42.30%
CA-37,Karen Bass,(D),"275,573","45,202","326,798",84.30%,13.80%
CA-38,Linda Sánchez,(D),"207,000","101,867","315,673",65.60%,32.30%
CA-39,Young Kim,(R),"190,090","154,439","351,332",54.10%,44.00%
CA-40,Lucille Roybal-Allard,(D),"156,662","41,875","203,218",77.10%,20.60%
CA-41,Mark Takano,(D),"164,574","96,428","266,807",61.70%,36.10%
CA-42,Ken Calvert,(R),"170,481","198,259","375,949",45.30%,52.70%
CA-43,Maxine Waters,(D),"224,694","61,138","292,083",76.90%,20.90%
CA-44,Nanette Barragán,(D),"188,767","46,174","240,722",78.40%,19.20%
CA-45,Katie Porter,(D),"228,624","181,306","418,564",54.60%,43.30%
CA-46,Lou Correa,(D),"150,186","78,247","233,507",64.30%,33.50%
CA-47,Alan Lowenthal,(D),"203,636","115,161","326,086",62.40%,35.30%
CA-48,Michelle Steel,(R),"199,791","193,832","401,759",49.70%,48.20%
CA-49,Mike Levin,(D),"217,061","167,049","393,013",55.20%,42.50%
CA-50,Darrell Issa,(R),"166,841","195,430","370,789",45.00%,52.70%
CA-51,Juan Vargas,(D),"166,351","76,843","248,810",66.90%,30.90%
CA-52,Scott Peters,(D),"257,923","139,172","406,904",63.40%,34.20%
CA-53,Sara Jacobs,(D),"258,866","119,398","386,642",67.00%,30.90%
CO-01,Diana DeGette,(D),"357,849","104,539","473,503",75.60%,22.10%
CO-02,Joe Neguse,(D),"338,261","178,561","530,867",63.70%,33.60%
CO-03,Lauren Boebert,(R),"200,886","224,996","436,221",46.10%,51.60%
CO-04,Ken Buck,(R),"198,971","276,309","487,928",40.80%,56.60%
CO-05,Doug Lamborn,(R),"184,301","241,369","441,370",41.80%,54.70%
CO-06,Jason Crow,(D),"260,642","175,729","447,756",58.20%,39.20%
CO-07,Ed Perlmutter,(D),"263,442","163,104","439,307",60.00%,37.10%
CT-01,John Larson,(D),"229,220","127,803","362,392",63.30%,35.30%
CT-02,Joe Courtney,(D),"205,779","164,461","377,818",54.50%,43.50%
CT-03,Rosa DeLauro,(D),"212,317","137,580","354,399",59.90%,38.80%
CT-04,Jim Himes,(D),"237,245","127,566","369,791",64.20%,34.50%
CT-05,Jahana Hayes,(D),"196,119","157,881","359,336",54.60%,43.90%
DE-AL,Lisa Blunt Rochester,(D),"296,268","200,603","504,010",58.80%,39.80%
FL-01,Matt Gaetz,(R),"143,654","292,019","443,097",32.40%,65.90%
FL-02,Neal Dunn,(R),"125,746","263,499","393,088",32.00%,67.00%
FL-03,Kat Cammack,(R),"170,433","223,087","398,282",42.80%,56.00%
FL-04,John Rutherford,(R),"198,414","305,935","510,715",38.90%,59.90%
FL-05,Al Lawson,(D),"214,891","123,978","342,746",62.70%,36.20%
FL-06,Michael Waltz,(R),"184,607","263,644","452,468",40.80%,58.30%
FL-07,Stephanie Murphy,(D),"226,505","183,414","414,920",54.60%,44.20%
FL-08,Bill Posey,(R),"189,808","272,109","467,055",40.60%,58.30%
FL-09,Darren Soto,(D),"232,318","201,924","438,440",53.00%,46.10%
FL-10,Val Demings,(D),"236,868","141,377","381,930",62.00%,37.00%
FL-11,Daniel Webster,(R),"164,285","318,054","485,989",33.80%,65.40%
FL-12,Gus Bilirakis,(R),"188,631","266,291","459,697",41.00%,57.90%
FL-13,[VACANT],(D),"211,530","194,721","410,780",51.50%,47.40%
FL-14,Kathy Castor,(D),"217,176","158,027","379,538",57.20%,41.60%
FL-15,Scott Franklin,(R),"179,793","213,736","398,200",45.20%,53.70%
FL-16,Vern Buchanan,(R),"223,366","262,840","490,589",45.50%,53.60%
FL-17,Greg Steube,(R),"151,888","267,579","422,675",35.90%,63.30%
FL-18,Brian Mast,(R),"206,388","244,705","454,097",45.50%,53.90%
FL-19,Byron Donalds,(R),"180,723","272,764","456,659",39.60%,59.70%
FL-20,Sheila Cherfilus-McCormick,(D),"254,644","72,814","329,313",77.30%,22.10%
FL-21,Lois Frankel,(D),"239,322","169,556","411,406",58.20%,41.20%
FL-22,[VACANT],(D),"236,393","174,889","413,647",57.10%,42.30%
FL-23,Debbie Wasserman Schultz,(D),"227,941","161,030","391,205",58.30%,41.20%
FL-24,Frederica Wilson,(D),"225,289","71,621","298,628",75.40%,24.00%
FL-25,Mario Díaz-Balart,(R),"123,435","197,678","322,843",38.20%,61.20%
FL-26,Carlos Giménez,(R),"164,356","184,019","350,423",46.90%,52.50%
FL-27,Maria Elvira Salazar,(R),"178,643","167,420","347,972",51.30%,48.10%
GA-01,Buddy Carter,(R),"143,567","184,846","332,905",43.10%,55.50%
GA-02,Sanford Bishop,(D),"154,980","120,719","278,056",55.70%,43.40%
GA-03,Drew Ferguson,(R),"140,226","235,998","380,895",36.80%,62.00%
GA-04,Hank Johnson,(D),"281,735","72,392","357,719",78.80%,20.20%
GA-05,Nikema Williams,(D),"313,058","45,921","363,156",86.20%,12.60%
GA-06,Lucy McBath,(D),"219,611","175,110","400,936",54.80%,43.70%
GA-07,Carolyn Bourdeaux,(D),"199,144","175,210","379,758",52.40%,46.10%
GA-08,Austin Scott,(R),"116,914","195,867","316,121",37.00%,62.00%
GA-09,Andrew Clyde,(R),"85,481","291,992","382,279",22.40%,76.40%
GA-10,Jody Hice,(R),"151,656","230,789","387,273",39.20%,59.60%
GA-11,Barry Loudermilk,(R),"171,653","234,930","413,230",41.50%,56.90%
GA-12,Rick Allen,(R),"136,638","177,142","317,584",43.00%,55.80%
GA-13,David Scott,(D),"277,999","85,930","367,810",75.60%,23.40%
GA-14,Marjorie Greene,(R),"80,973","235,008","319,995",25.30%,73.40%
HI-01,Ed Case,(D),"179,337","96,924","280,956",63.80%,34.50%
HI-02,Kai Kahele,(D),"186,793","99,940","293,513",63.60%,34.00%
IA-01,Ashley Hinson,(R),"199,259","213,601","420,577",47.40%,50.80%
IA-02,Mariannette Miller-Meeks,(R),"193,437","209,858","410,665",47.10%,51.10%
IA-03,Cindy Axne,(D),"224,159","224,726","457,240",49.00%,49.10%
IA-04,Randy Feenstra,(R),"142,206","249,487","398,052",35.70%,62.70%
ID-01,Russ Fulcher,(R),"140,452","313,559","467,141",30.10%,67.10%
ID-02,Mike Simpson,(R),"146,569","240,560","400,220",36.60%,60.10%
IL-01,Bobby Rush,(D),"246,996","82,547","334,163",73.90%,24.70%
IL-02,Robin Kelly,(D),"236,646","64,866","305,536",77.50%,21.20%
IL-03,Marie Newman,(D),"175,910","135,879","316,987",55.50%,42.90%
IL-04,Chuy Garcia,(D),"184,635","39,582","228,702",80.70%,17.30%
IL-05,Mike Quigley,(D),"267,640","96,630","371,134",72.10%,26.00%
IL-06,Sean Casten,(D),"226,804","174,833","410,398",55.30%,42.60%
IL-07,Danny Davis,(D),"274,302","38,441","317,704",86.30%,12.10%
IL-08,Raja Krishnamoorthi,(D),"171,850","113,157","290,456",59.20%,39.00%
IL-09,Jan Schakowsky,(D),"269,573","104,091","379,942",71.00%,27.40%
IL-10,Brad Schneider,(D),"207,380","109,734","322,791",64.20%,34.00%
IL-11,Bill Foster,(D),"195,556","114,240","316,000",61.90%,36.20%
IL-12,Mike Bost,(R),"137,911","184,811","329,203",41.90%,56.10%
IL-13,Rodney Davis,(R),"158,853","170,549","337,716",47.00%,50.50%
IL-14,Lauren Underwood,(D),"203,738","193,886","406,028",50.20%,47.80%
IL-15,Mary Miller,(R),"88,678","246,921","341,922",25.90%,72.20%
IL-16,Adam Kinzinger,(R),"140,938","196,244","344,643",40.90%,56.90%
IL-17,Cheri Bustos,(D),"145,977","150,775","303,222",48.10%,49.70%
IL-18,Darin LaHood,(R),"138,526","229,704","376,890",36.80%,60.90%
IN-01,Frank Mrvan,(D),"177,630","148,554","331,492",53.60%,44.80%
IN-02,[VACANT],(R),"116,794","178,385","300,581",38.90%,59.30%
IN-03,Jim Banks,(R),"112,346","211,169","330,719",34.00%,63.90%
IN-04,Jim Baird,(R),"117,232","220,013","345,009",34.00%,63.80%
IN-05,Victoria Spartz,(R),"200,376","209,669","418,387",47.90%,50.10%
IN-06,Greg Pence,(R),"96,502","228,217","331,541",29.10%,68.80%
IN-07,André Carson,(D),"177,925","99,811","283,006",62.90%,35.30%
IN-08,Larry Bucshon,(R),"108,025","212,185","326,153",33.10%,65.10%
IN-09,Trey Hollingsworth,(R),"135,586","221,516","364,279",37.20%,60.80%
KS-01,Tracey Mann,(R),"83,890","207,727","298,130",28.10%,69.70%
KS-02,Jake LaTurner,(R),"140,303","191,030","339,357",41.30%,56.30%
KS-03,Sharice Davids,(D),"223,114","179,583","411,239",54.30%,43.70%
KS-04,Ron Estes,(R),"123,016","193,066","323,577",38.00%,59.70%
KY-01,James Comer,(R),"85,228","244,122","334,095",25.50%,73.10%
KY-02,Brett Guthrie,(R),"111,859","246,865","365,139",30.60%,67.60%
KY-03,John Yarmuth,(D),"221,843","141,027","369,797",60.00%,38.10%
KY-04,Thomas Massie,(R),"129,335","250,481","386,856",33.40%,64.70%
KY-05,Hal Rogers,(R),"56,153","241,712","301,591",18.60%,80.10%
KY-06,Andy Barr,(R),"168,056","202,439","377,958",44.50%,53.60%
LA-01,Steve Scalise,(R),"118,270","266,928","392,488",30.10%,68.00%
LA-02,Troy Carter,(D),"260,587","79,570","345,901",75.30%,23.00%
LA-03,Clay Higgins,(R),"107,448","242,738","356,316",30.20%,68.10%
LA-04,Mike Johnson,(R),"121,500","201,823","328,304",37.00%,61.50%
LA-05,Julia Letlow,(R),"113,682","215,064","333,589",34.10%,64.50%
LA-06,Garret Graves,(R),"134,547","249,652","391,463",34.40%,63.80%
MA-01,Richard Neal,(D),"224,939","135,655","367,953",61.10%,36.90%
MA-02,Jim McGovern,(D),"240,547","140,377","389,490",61.80%,36.00%
MA-03,Lori Trahan,(D),"243,303","132,757","383,965",63.40%,34.60%
MA-04,Jake Auchincloss,(D),"276,820","144,654","429,320",64.50%,33.70%
MA-05,Katherine Clark,(D),"304,072","97,562","408,381",74.50%,23.90%
MA-06,Seth Moulton,(D),"279,782","159,252","446,903",62.60%,35.60%
MA-07,Ayanna Pressley,(D),"276,091","43,074","323,587",85.30%,13.30%
MA-08,Stephen Lynch,(D),"283,426","137,738","428,337",66.20%,32.20%
MA-09,Bill Keating,(D),"253,222","176,133","437,139",57.90%,40.30%
MD-01,Andy Harris,(R),"157,430","236,906","402,745",39.10%,58.80%
MD-02,Dutch Ruppersberger,(D),"225,433","110,901","342,575",65.80%,32.40%
MD-03,John Sarbanes,(D),"263,027","112,328","382,649",68.70%,29.40%
MD-04,Anthony Brown,(D),"286,724","69,533","362,454",79.10%,19.20%
MD-05,Steny Hoyer,(D),"276,896","119,771","403,689",68.60%,29.70%
MD-06,David Trone,(D),"227,214","140,735","375,037",60.60%,37.50%
MD-07,Kweisi Mfume,(D),"261,237","66,703","333,295",78.40%,20.00%
MD-08,Jamie Raskin,(D),"287,062","119,537","414,164",69.30%,28.90%
ME-01,Chellie Pingree,(D),"266,376","164,045","443,067",60.10%,37.00%
ME-02,Jared Golden,(D),"168,696","196,692","376,307",44.80%,52.30%
MI-01,Jack Bergman,(R),"171,402","244,455","422,411",40.60%,57.90%
MI-02,Bill Huizenga,(R),"177,044","225,408","409,870",43.20%,55.00%
MI-03,Peter Meijer,(R),"194,575","207,762","410,219",47.40%,50.60%
MI-04,John Moolenaar,(R),"141,708","234,124","382,259",37.10%,61.20%
MI-05,Dan Kildee,(D),"189,227","173,212","367,855",51.40%,47.10%
MI-06,Fred Upton,(R),"180,142","197,508","384,755",46.80%,51.30%
MI-07,Tim Walberg,(R),"163,293","224,274","394,301",41.40%,56.90%
MI-08,Elissa Slotkin,(D),"212,085","215,649","434,738",48.80%,49.60%
MI-09,Andy Levin,(D),"229,258","175,081","410,103",55.90%,42.70%
MI-10,Lisa McClain,(R),"146,887","273,877","426,468",34.40%,64.20%
MI-11,Haley Stevens,(D),"237,696","216,799","460,743",51.60%,47.10%
MI-12,Debbie Dingell,(D),"251,770","134,892","392,079",64.20%,34.40%
MI-13,Rashida Tlaib,(D),"229,535","58,162","291,132",78.80%,20.00%
MI-14,Brenda Lawrence,(D),"276,847","68,031","348,045",79.50%,19.50%
MN-01,Brad Finstad,(R),"164,139","202,121","374,203",43.90%,54.00%
MN-02,Angie Craig,(D),"226,589","197,005","432,792",52.40%,45.50%
MN-03,Dean Phillips,(D),"265,552","178,221","452,512",58.70%,39.40%
MN-04,Betty McCollum,(D),"273,197","123,295","404,458",67.50%,30.50%
MN-05,Ilhan Omar,(D),"328,766","72,323","409,330",80.30%,17.70%
MN-06,Tom Emmer,(R),"165,370","251,056","425,737",38.80%,59.00%
MN-07,Michelle Fischbach,(R),"126,528","234,753","368,161",34.40%,63.80%
MN-08,Pete Stauber,(R),"166,936","225,291","400,013",41.70%,56.30%
MO-01,Cori Bush,(D),"257,909","58,280","321,328",80.30%,18.10%
MO-02,Ann Wagner,(R),"222,349","222,464","452,325",49.20%,49.20%
MO-03,Blaine Luetkemeyer,(R),"130,857","279,373","417,914",31.30%,66.80%
MO-04,Vicky Hartzler,(R),"117,975","243,844","369,447",31.90%,66.00%
MO-05,Emanuel Cleaver,(D),"208,696","141,661","357,416",58.40%,39.60%
MO-06,Sam Graves,(R),"137,268","248,374","392,499",35.00%,63.30%
MO-07,Billy Long,(R),"105,855","263,623","376,465",28.10%,70.00%
MO-08,Jason Smith,(R),"72,104","261,118","337,764",21.30%,77.30%
MS-01,Trent Kelly,(R),"115,883","222,359","343,231",33.80%,64.80%
MS-02,Bennie Thompson,(D),"191,329","105,700","300,527",63.70%,35.20%
MS-03,Michael Guest,(R),"135,455","210,649","350,527",38.60%,60.10%
MS-04,Steven Palazzo,(R),"96,731","218,056","319,474",30.30%,68.30%
MT-AL,Matt Rosendale,(R),"244,786","343,602","603,640",40.60%,56.90%
NC-01,G.K. Butterfield,(D),"190,053","159,622","352,657",53.90%,45.30%
NC-02,Deborah Ross,(D),"323,249","171,017","502,490",64.30%,34.00%
NC-03,Greg Murphy,(R),"140,561","226,991","372,685",37.70%,60.90%
NC-04,David Price,(D),"332,604","160,810","499,753",66.60%,32.20%
NC-05,Virginia Foxx,(R),"124,653","265,676","394,438",31.60%,67.40%
NC-06,Kathy Manning,(D),"257,257","155,401","417,805",61.60%,37.20%
NC-07,David Rouzer,(R),"187,839","267,880","461,296",40.70%,58.10%
NC-08,Richard Hudson,(R),"177,877","202,789","385,986",46.10%,52.50%
NC-09,Dan Bishop,(R),"187,002","219,264","410,978",45.50%,53.40%
NC-10,Patrick McHenry,(R),"131,228","284,457","420,394",31.20%,67.70%
NC-11,Madison Cawthorn,(R),"196,934","251,903","454,792",43.30%,55.40%
NC-12,Alma Adams,(D),"308,124","125,328","439,717",70.10%,28.50%
NC-13,Ted Budd,(R),"126,861","267,639","399,010",31.80%,67.10%
ND-AL,Kelly Armstrong,(R),"114,902","235,595","359,890",31.90%,65.50%
NE-01,Mike Flood,(R),"132,261","180,290","320,046",41.30%,56.30%
NE-02,Don Bacon,(R),"176,468","154,377","337,754",52.20%,45.70%
NE-03,Adrian Smith,(R),"65,854","222,179","293,912",22.40%,75.60%
NH-01,Chris Pappas,(D),"213,662","188,999","409,239",52.20%,46.20%
NH-02,Annie Kuster,(D),"211,275","176,661","394,594",53.50%,44.80%
NJ-01,Donald Norcross,(D),"242,214","142,822","390,213",62.10%,36.60%
NJ-02,Jeff Van Drew,(R),"183,250","194,366","382,685",47.90%,50.80%
NJ-03,Andy Kim,(D),"217,222","218,016","441,362",49.20%,49.40%
NJ-04,Chris Smith,(R),"191,273","236,896","433,563",44.10%,54.60%
NJ-05,Josh Gottheimer,(D),"224,937","202,419","433,296",51.90%,46.70%
NJ-06,Frank Pallone,(D),"191,464","138,919","334,578",57.20%,41.50%
NJ-07,Tom Malinowski,(D),"239,105","195,248","441,160",54.20%,44.30%
NJ-08,Albio Sires,(D),"182,963","69,207","254,802",71.80%,27.20%
NJ-09,Bill Pascrell,(D),"200,019","118,376","321,623",62.20%,36.80%
NJ-10,Donald Payne,(D),"254,725","45,311","302,548",84.20%,15.00%
NJ-11,Mikie Sherrill,(D),"237,986","208,017","451,995",52.70%,46.00%
NJ-12,Bonnie Watson Coleman,(D),"243,177","113,677","361,527",67.30%,31.40%
NM-01,Melanie Stansbury,(D),"197,294","122,685","327,717",60.20%,37.40%
NM-02,Yvette Herrell,(R),"116,535","148,608","270,577",43.10%,54.90%
NM-03,Teresa Leger Fernandez,(D),"187,785","130,600","325,671",57.70%,40.10%
NV-01,Dina Titus,(D),"143,424","84,976","233,349",61.50%,36.40%
NV-02,Mark Amodei,(R),"171,024","210,255","392,617",43.60%,53.60%
NV-03,Susie Lee,(D),"214,181","213,302","435,797",49.10%,48.90%
NV-04,Steven Horsford,(D),"174,857","161,358","343,613",50.90%,47.00%
NY-01,Lee Zeldin,(R),"182,793","198,826","386,329",47.30%,51.50%
NY-02,Andrew Garbarino,(R),"168,779","183,204","356,124",47.40%,51.40%
NY-03,Tom Suozzi,(D),"216,247","175,089","395,436",54.70%,44.30%
NY-04,Kathleen Rice,(D),"211,700","165,073","380,697",55.60%,43.40%
NY-05,Gregory Meeks,(D),"229,459","44,495","275,508",83.30%,16.20%
NY-06,Grace Meng,(D),"152,725","92,371","247,255",61.80%,37.40%
NY-07,Nydia Velázquez,(D),"190,811","40,366","233,221",81.80%,17.30%
NY-08,Hakeem Jeffries,(D),"234,960","46,711","283,554",82.90%,16.50%
NY-09,Yvette Clarke,(D),"232,347","50,873","285,350",81.40%,17.80%
NY-10,Jerry Nadler,(D),"218,141","65,611","286,527",76.10%,22.90%
NY-11,Nicole Malliotakis,(R),"132,366","163,857","298,863",44.30%,54.80%
NY-12,Carolyn Maloney,(D),"280,012","49,337","332,820",84.10%,14.80%
NY-13,Adriano Espaillat,(D),"233,234","29,526","264,872",88.10%,11.10%
NY-14,Alexandria Ocasio-Cortez,(D),"161,973","57,174","220,982",73.30%,25.90%
NY-15,Ritchie Torres,(D),"171,328","25,855","198,198",86.40%,13.00%
NY-16,Jamaal Bowman,(D),"232,782","73,665","309,170",75.30%,23.80%
NY-17,Mondaire Jones,(D),"212,254","140,322","356,203",59.60%,39.40%
NY-18,Sean Patrick Maloney,(D),"184,181","166,448","355,716",51.80%,46.80%
NY-19,Antonio Delgado,(D),"182,965","177,569","367,482",49.80%,48.30%
NY-20,Paul Tonko,(D),"217,340","141,619","366,382",59.30%,38.70%
NY-21,Elise Stefanik,(R),"141,679","175,345","323,276",43.80%,54.20%
NY-22,Claudia Tenney,(R),"139,998","177,147","323,896",43.20%,54.70%
NY-23,Tom Reed,(R),"139,037","175,243","321,276",43.30%,54.50%
NY-24,John Katko,(R),"186,983","155,222","349,961",53.40%,44.40%
NY-25,Joe Morelle,(D),"218,504","137,342","363,605",60.10%,37.80%
NY-26,Brian Higgins,(D),"209,957","119,410","335,256",62.60%,35.60%
NY-27,Chris Jacobs,(R),"162,337","224,305","394,811",41.10%,56.80%
OH-01,Steve Chabot,(R),"185,947","198,433","390,226",47.70%,50.90%
OH-02,Brad Wenstrup,(R),"165,593","214,600","385,916",42.90%,55.60%
OH-03,Joyce Beatty,(D),"231,278","93,890","330,494",70.00%,28.40%
OH-04,Jim Jordan,(R),"110,336","237,144","353,273",31.20%,67.10%
OH-05,Bob Latta,(R),"141,528","237,762","385,874",36.70%,61.60%
OH-06,Bill Johnson,(R),"91,296","248,554","344,239",26.50%,72.20%
OH-07,Bob Gibbs,(R),"120,706","237,313","363,357",33.20%,65.30%
OH-08,Warren Davidson,(R),"119,846","243,068","368,357",32.50%,66.00%
OH-09,Marcy Kaptur,(D),"184,337","124,569","313,540",58.80%,39.70%
OH-10,Mike Turner,(R),"172,471","188,673","367,302",47.00%,51.40%
OH-11,Shontel Brown,(D),"252,725","60,902","316,805",79.80%,19.20%
OH-12,Troy Balderson,(R),"206,386","232,901","446,172",46.30%,52.20%
OH-13,Tim Ryan,(D),"171,245","159,938","335,896",51.00%,47.60%
OH-14,David Joyce,(R),"185,689","222,983","413,841",44.90%,53.90%
OH-15,Mike Carey,(R),"166,098","221,898","393,949",42.20%,56.30%
OH-16,Anthony Gonzalez,(R),"173,685","232,207","411,139",42.20%,56.50%
OK-01,Kevin Hern,(R),"125,905","202,879","337,495",37.30%,60.10%
OK-02,Markwayne Mullin,(R),"64,353","221,123","290,575",22.10%,76.10%
OK-03,Frank Lucas,(R),"72,141","232,416","311,625",23.10%,74.60%
OK-04,Tom Cole,(R),"101,120","207,214","315,917",32.00%,65.60%
OK-05,Stephanie Bice,(R),"140,371","156,648","305,087",46.00%,51.30%
OR-01,Suzanne Bonamici,(D),"298,753","160,808","472,277",63.30%,34.00%
OR-02,Cliff Bentz,(R),"197,922","261,602","470,391",42.10%,55.60%
OR-03,Earl Blumenauer,(D),"356,659","112,556","479,782",74.30%,23.50%
OR-04,Peter DeFazio,(D),"238,619","219,851","470,962",50.70%,46.70%
OR-05,Kurt Schrader,(D),"248,430","203,631","463,820",53.60%,43.90%
PA-01,Brian Fitzpatrick,(R),"233,446","207,433","445,566",52.40%,46.60%
PA-02,Brendan Boyle,(D),"207,491","86,128","295,805",70.10%,29.10%
PA-03,Dwight Evans,(D),"357,956","31,769","392,103",91.30%,8.10%
PA-04,Madeleine Dean,(D),"276,491","168,191","449,359",61.50%,37.40%
PA-05,Mary Gay Scanlon,(D),"263,644","137,678","404,738",65.10%,34.00%
PA-06,Chrissy Houlahan,(D),"232,017","170,600","407,525",56.90%,41.90%
PA-07,Susan Wild,(D),"199,283","180,774","384,606",51.80%,47.00%
PA-08,Matt Cartwright,(D),"168,613","184,363","356,564",47.30%,51.70%
PA-09,Dan Meuser,(R),"122,523","232,115","359,619",34.10%,64.50%
PA-10,Scott Perry,(R),"189,803","201,367","396,974",47.80%,50.70%
PA-11,Lloyd Smucker,(R),"148,521","233,074","387,414",38.30%,60.20%
PA-12,Fred Keller,(R),"107,798","232,392","345,181",31.20%,67.30%
PA-13,John Joyce,(R),"100,543","264,266","369,191",27.20%,71.60%
PA-14,Guy Reschenthaler,(R),"135,824","240,206","380,075",35.70%,63.20%
PA-15,Glenn Thompson,(R),"96,863","250,545","351,941",27.50%,71.20%
PA-16,Mike Kelly,(R),"145,265","213,031","363,010",40.00%,58.70%
PA-17,Conor Lamb,(D),"221,505","209,637","436,600",50.70%,48.00%
PA-18,Mike Doyle,(D),"252,860","134,833","392,002",64.50%,34.40%
RI-01,David Cicilline,(D),"154,430","83,607","241,561",63.90%,34.60%
RI-02,Jim Langevin,(D),"153,056","116,315","273,437",56.00%,42.50%
SC-01,Nancy Mace,(R),"197,288","222,708","427,594",46.10%,52.10%
SC-02,Joe Wilson,(R),"158,948","200,210","364,935",43.60%,54.90%
SC-03,Jeff Duncan,(R),"102,331","228,058","335,118",30.50%,68.10%
SC-04,William Timmons,(R),"140,939","215,237","362,743",38.90%,59.30%
SC-05,Ralph Norman,(R),"150,853","211,989","367,759",41.00%,57.60%
SC-06,Jim Clyburn,(D),"194,414","92,192","290,095",67.00%,31.80%
SC-07,Tom Rice,(R),"146,768","214,709","365,085",40.20%,58.80%
SD-AL,Dusty Johnson,(R),"150,471","261,043","422,609",35.60%,61.80%
TN-01,Diana Harshbarger,(R),"70,463","242,686","318,556",22.10%,76.20%
TN-02,Tim Burchett,(R),"124,229","228,990","360,121",34.50%,63.60%
TN-03,Chuck Fleischmann,(R),"110,460","219,247","335,599",32.90%,65.30%
TN-04,Scott DesJarlais,(R),"108,734","239,401","354,562",30.70%,67.50%
TN-05,Jim Cooper,(D),"210,086","127,953","348,420",60.30%,36.70%
TN-06,John Rose,(R),"96,446","273,924","376,800",25.60%,72.70%
TN-07,Mark Green,(R),"115,166","245,882","367,606",31.30%,66.90%
TN-08,David Kustoff,(R),"114,528","225,471","344,842",33.20%,65.40%
TN-09,Steve Cohen,(D),"193,598","48,921","246,484",78.50%,19.80%
TX-01,Louie Gohmert,(R),"83,229","218,700","305,555",27.20%,71.60%
TX-02,Dan Crenshaw,(R),"170,430","174,980","350,446",48.60%,49.90%
TX-03,Van Taylor,(R),"209,859","214,359","430,583",48.70%,49.80%
TX-04,Pat Fallon,(R),"84,680","258,470","347,229",24.40%,74.40%
TX-05,Lance Gooden,(R),"107,494","172,395","283,292",37.90%,60.90%
TX-06,Jake Ellzey,(R),"164,746","175,101","344,549",47.80%,50.80%
TX-07,Lizzie Fletcher,(D),"170,060","143,176","317,555",53.60%,45.10%
TX-08,Kevin Brady,(R),"109,291","274,224","388,622",28.10%,70.60%
TX-09,Al Green,(D),"178,908","54,944","236,216",75.70%,23.30%
TX-10,Michael McCaul,(R),"203,975","210,770","421,154",48.40%,50.00%
TX-11,August Pfluger,(R),"58,592","235,697","297,883",19.70%,79.10%
TX-12,Kay Granger,(R),"140,683","224,490","371,220",37.90%,60.50%
TX-13,Ronny Jackson,(R),"54,002","219,888","277,737",19.40%,79.20%
TX-14,Randy Weber,(R),"124,630","185,961","314,976",39.60%,59.00%
TX-15,Vicente González,(D),"119,784","115,315","237,674",50.40%,48.50%
TX-16,Veronica Escobar,(D),"160,809","77,473","242,067",66.40%,32.00%
TX-17,Pete Sessions,(R),"137,632","172,342","315,612",43.60%,54.60%
TX-18,Sheila Jackson Lee,(D),"189,823","57,669","250,836",75.70%,23.00%
TX-19,Jodey Arrington,(R),"71,237","195,515","270,656",26.30%,72.20%
TX-20,Joaquin Castro,(D),"177,058","96,537","277,918",63.70%,34.70%
TX-21,Chip Roy,(R),"220,567","232,945","460,677",47.90%,50.60%
TX-22,Troy Nehls,(R),"206,114","210,011","421,488",48.90%,49.80%
TX-23,Tony Gonzales,(R),"146,559","151,964","302,412",48.50%,50.30%
TX-24,Beth Van Duyne,(R),"180,609","161,671","347,697",51.90%,46.50%
TX-25,Roger Williams,(R),"177,852","216,265","400,230",44.40%,54.00%
TX-26,Michael Burgess,(R),"185,956","248,196","441,183",42.10%,56.30%
TX-27,Michael Cloud,(R),"104,511","170,800","278,915",37.50%,61.20%
TX-28,Henry Cuellar,(D),"125,755","115,160","243,744",51.60%,47.20%
TX-29,Sylvia Garcia,(D),"106,229","52,937","161,080",65.90%,32.90%
TX-30,Eddie Bernice Johnson,(D),"212,373","50,270","266,014",79.80%,18.90%
TX-31,John Carter,(R),"192,599","204,096","404,642",47.60%,50.40%
TX-32,Colin Allred,(D),"187,919","151,944","345,210",54.40%,44.00%
TX-33,Marc Veasey,(D),"117,340","41,209","160,757",73.00%,25.60%
TX-34,Mayra Flores,(D),"106,771","98,462","207,201",51.50%,47.50%
TX-35,Lloyd Doggett,(D),"188,169","84,811","277,929",67.70%,30.50%
TX-36,Brian Babin,(R),"82,881","221,600","308,153",26.90%,71.90%
UT-01,Blake Moore,(R),"113,343","230,314","358,818",31.60%,64.20%
UT-02,Chris Stewart,(R),"148,890","207,667","370,162",40.20%,56.10%
UT-03,John Curtis,(R),"131,845","225,830","374,671",35.20%,60.30%
UT-04,Burgess Owens,(R),"166,204","201,329","384,026",43.30%,52.40%
VA-01,Rob Wittman,(R),"213,535","233,398","453,853",47.00%,51.40%
VA-02,Elaine Luria,(D),"186,427","169,365","362,346",51.40%,46.70%
VA-03,Bobby Scott,(D),"233,646","108,728","347,932",67.20%,31.20%
VA-04,Donald McEachin,(D),"246,583","146,900","398,796",61.80%,36.80%
VA-05,Bob Good,(R),"183,175","217,535","405,973",45.10%,53.60%
VA-06,Ben Cline,(R),"149,254","231,248","386,961",38.60%,59.80%
VA-07,Abigail Spanberger,(D),"228,335","223,268","458,367",49.80%,48.70%
VA-08,Don Beyer,(D),"311,470","84,711","401,441",77.60%,21.10%
VA-09,Morgan Griffith,(R),"98,653","244,996","347,822",28.40%,70.40%
VA-10,Jennifer Wexton,(D),"281,817","189,376","478,159",58.90%,39.60%
VA-11,Gerry Connolly,(D),"280,673","112,905","399,109",70.30%,28.30%
VT-AL,Peter Welch,(D),"242,820","112,704","365,486",66.40%,30.80%
WA-01,Suzan DelBene,(D),"257,631","166,460","435,779",59.10%,38.20%
WA-02,Rick Larsen,(D),"257,291","145,138","414,020",62.10%,35.10%
WA-03,Jaime Herrera Beutler,(R),"198,429","214,391","423,462",46.90%,50.60%
WA-04,Dan Newhouse,(R),"122,691","179,022","309,502",39.60%,57.80%
WA-05,Cathy McMorris Rodgers,(R),"178,895","215,706","406,614",44.00%,53.00%
WA-06,Derek Kilmer,(D),"244,141","168,250","425,315",57.40%,39.60%
WA-07,Pramila Jayapal,(D),"410,067","58,832","478,306",85.70%,12.30%
WA-08,Kim Schrier,(D),"218,274","190,801","419,669",52.00%,45.50%
WA-09,Adam Smith,(D),"265,393","88,993","361,921",73.30%,24.60%
WA-10,Marilyn Strickland,(D),"216,800","157,058","385,791",56.20%,40.70%
WI-01,Bryan Steil,(R),"182,942","220,668","409,363",44.70%,53.90%
WI-02,Mark Pocan,(D),"323,807","136,439","466,777",69.40%,29.20%
WI-03,Ron Kind,(D),"184,306","202,659","393,809",46.80%,51.50%
WI-04,Gwen Moore,(D),"242,263","71,833","317,863",76.20%,22.60%
WI-05,Scott Fitzgerald,(R),"187,851","255,803","450,097",41.70%,56.80%
WI-06,Glenn Grothman,(R),"170,457","232,820","409,886",41.60%,56.80%
WI-07,Tom Tiffany,(R),"165,104","248,822","420,340",39.30%,59.20%
WI-08,Mike Gallagher,(R),"174,136","241,140","421,811",41.30%,57.20%
WV-01,David McKinley,(R),"81,849","183,904","270,510",30.30%,68.00%
WV-02,Alex Mooney,(R),"92,623","184,784","282,556",32.80%,65.40%
WV-03,Carol Miller,(R),"61,512","176,694","241,586",25.50%,73.10%
WY-AL,Liz Cheney,(R),"73,491","193,559","275,026",26.70%,70.40%
